Advanced Hand Sanitizer,16
"Butalbital, Aspirin, Caffeine and Codeine Phosphate",75
Sulfamethoxazole and Trimethoprim,14
Hizentra,21
Treatment Set TS331632,81
Phenytoin Sodium,95
Acetaminophen and Codeine Phosphate,81
GAP Favorite Lip Balm,65
PRIMAXIN,7
ZIMS ADVANCED HYDROCORTISONE CONTINUOUS WITH ORGANIC ARNICA AND ALOE,13
Nadolol,100
Permethrin,29
TOPROL,28
Lumene Time Freeze Targeted Dark Spot Corrector Sunscreen SPF 30,14
Irbesartan,64
Disney Monsters University Antiseptic Hand Cleansing Grape Scented,36
Old Spice Fresh Collection,66
Hydrogen Peroxide,63
Total Eye Care,42
Alprazolam,17
